APT1_dbg_mess,001dd76872d80801692ff942308c64e6
ccrewSSLBack3,034374db2d35cf9da6558f54cec8a455
TABMSGSQL_APT1,002325a0a67fded0381b5648d7fe9b8e
APT1_letusgo,002325a0a67fded0381b5648d7fe9b8e
APT1_dbg_mess,002325a0a67fded0381b5648d7fe9b8e
CCREWBACK1,00dbb9e1c09dbdafb360f3163ba5a3de
TrojanCookies_CCREW,00dbb9e1c09dbdafb360f3163ba5a3de
TABMSGSQL_APT1,052ec04866e4a67f31845d656531830d
APT1_letusgo,052ec04866e4a67f31845d656531830d
APT1_dbg_mess,052ec04866e4a67f31845d656531830d
thequickbrow_APT1,0496e3b17cf40c45f495188a368c203a
APT1_aspnetreport,0496e3b17cf40c45f495188a368c203a
thequickbrow_APT1,09d372e4259980ac95fdadf1846578d9
thequickbrow_APT1,02c65973b6018f5d473d701b3e7508b2
APT1_aspnetreport,02c65973b6018f5d473d701b3e7508b2
APT1_WEBC2_CLOVER,065e63afdfa539727f63af7530b22d2f
CCREWBACK1,01e0dc079d4e33d8edd050c4900818da
TrojanCookies_CCREW,01e0dc079d4e33d8edd050c4900818da
thequickbrow_APT1,0dd3677594632ce270bcf8af94819caf
HACKSFASE1_APT1,0d0240672a314a7547d328f824642da8
HACKSFASE2_APT1,0d0240672a314a7547d328f824642da8
ccrewSSLBack2,0d0240672a314a7547d328f824642da8
ccrewSSLBack1,0d0240672a314a7547d328f824642da8
MoonProject,0908d8b3e459551039bade50930e4c1b
APT1_TARSIP_MOON,0908d8b3e459551039bade50930e4c1b
thequickbrow_APT1,13f0b56c28995e4efc8da784ad862853
CCREWBACK1,0c28ad34f90950bc784339ec9f50d288
TrojanCookies_CCREW,0c28ad34f90950bc784339ec9f50d288
EclipseSunCloudRAT,0b506c6dde8d07f9eeb82fd01a6f97d4
APT1_TARSIP_ECLIPSE,0b506c6dde8d07f9eeb82fd01a6f97d4
GEN_CCREW1,165ef79e7caa806f13f82cc2bbf3dedd
APT1_WARP,15244d2321faa3a271ff0b1e5a23148f
BISCUIT_GREENCAT_APT1,15901ddbccc5e9e0579fc5b42f754fe8
APT1_Revird_svc,15901ddbccc5e9e0579fc5b42f754fe8
HACKSFASE1_APT1,17199ddac616938f383a0339f416c890
HACKSFASE2_APT1,17199ddac616938f383a0339f416c890
ccrewSSLBack2,17199ddac616938f383a0339f416c890
ccrewSSLBack1,17199ddac616938f383a0339f416c890
thequickbrow_APT1,17f5a2e0997b59449ca2120b20b5b7ce
APT1_WEBC2_YAHOO,1c16bd1488163c03cd506c2f71486a0f
APT1_letusgo,1c16bd1488163c03cd506c2f71486a0f
EclipseSunCloudRAT,123505024f9e5ff74cb6aa67d7fcc392
APT1_TARSIP_ECLIPSE,123505024f9e5ff74cb6aa67d7fcc392
HACKSFASE1_APT1,1a0c7e61bcc50d57b7bcf9d9af691de5
HACKSFASE2_APT1,1a0c7e61bcc50d57b7bcf9d9af691de5
ccrewSSLBack2,1a0c7e61bcc50d57b7bcf9d9af691de5
ccrewSSLBack1,1a0c7e61bcc50d57b7bcf9d9af691de5
APT1_WEBC2_GREENCAT,1ce4605e771a04e375e0d1083f183e8e
STARSYPOUND_APT1,1f2eb7b090018d975e6d9b40868c94ca
GEN_CCREW1,225e33508861984dd2a774760bfdfc52
APT1_WEBC2_Y21K,225e33508861984dd2a774760bfdfc52
APT1_WEBC2_Y21K,2479a9a50308cb72fcd5e4e18ef06468
CCREWBACK1,1ea61a0945bde3c6f41e12bc01928d37
thequickbrow_APT1,270d42f292105951ee81e4085ea45054
APT1_WEBC2_QBP,0cf9e999c574ec89595263446978dc9f
STARSYPOUND_APT1,2ba0d0083976a5c1e3315413cdcffcd2
APT1_WEBC2_YAHOO,2b659d71ae168e774faaf38db30f4a84
thequickbrow_APT1,2c49f47c98203b110799ab622265f4ef
APT1_aspnetreport,2c49f47c98203b110799ab622265f4ef
APT1_WEBC2_Y21K,277964807a66aeeb6bd81dbfcaa3e4e6
APT1_WEBC2_CSON,277964807a66aeeb6bd81dbfcaa3e4e6
STARSYPOUND_APT1,2dd892986b2249b5214639ecc8ac0223
APT1_WEBC2_CLOVER,29c691978af80dc23c4df96b5f6076bb
APT1_dbg_mess,2f930d92dc5ebc9d53ad2a2b451ebf65
APT1_WEBC2_CLOVER,2fccaa39533de02490b1c6395878dd79
MoonProject,2bd02b41817d227058522cca40acd390
APT1_TARSIP_MOON,2bd02b41817d227058522cca40acd390
STARSYPOUND_APT1,33de5067a433a6ec5c328067dc18ec37
APT1_WEBC2_GREENCAT,36c0d3f109aede4d76b05431f8a64f9e
EclipseSunCloudRAT,3107de21e480ab1f2d67725f419b28d0
APT1_TARSIP_ECLIPSE,3107de21e480ab1f2d67725f419b28d0
APT1_WEBC2_YAHOO,36d5c8fc4b14559f73b6136d85b94198
APT1_letusgo,36d5c8fc4b14559f73b6136d85b94198
APT1_WEBC2_YAHOO,37ddd3d72ead03c7518f5d47650c8572
thequickbrow_APT1,3c1b2fabb7d74bc5be0820eae4107f8a
CCREWBACK1,321d75c9990408db812e5a248a74f8c8
TrojanCookies_CCREW,321d75c9990408db812e5a248a74f8c8
APT1_WEBC2_Y21K,4192479b055b2b21cb7e6c803b765d34
APT1_WEBC2_CSON,4192479b055b2b21cb7e6c803b765d34
APT1_letusgo,3e87051b1dc3463f378c7e1fe398dc7d
APT1_dbg_mess,3e87051b1dc3463f378c7e1fe398dc7d
APT1_WEBC2_RAVE,438983192903f3fecf77500a39459ee6
thequickbrow_APT1,44066f29aab6a9379f8dd30f6bec257d
BISCUIT_GREENCAT_APT1,268eef019bf65b2987e945afaf29643f
APT1_Revird_svc,268eef019bf65b2987e945afaf29643f
BISCUIT_GREENCAT_APT1,43b844c35e1a933e9214588be81ce772
APT1_Revird_svc,43b844c35e1a933e9214588be81ce772
thequickbrow_APT1,4c858a80df0d6de5d69824c9502b65cf
APT1_aspnetreport,4c858a80df0d6de5d69824c9502b65cf
APT1_WARP,36cd49ad631e99125a3bb2786e405cea
APT1_WEBC2_YAHOO,4c9c9dbf388a8d81d8cfb4d3fc05f8e4
APT1_letusgo,4c9c9dbf388a8d81d8cfb4d3fc05f8e4
APT1_WEBC2_Y21K,4cabfaef26fd8e5aec01d0c4b90a32f3
APT1_WEBC2_QBP,476fea8761a03bef16e322996c2f6666
APT1_WEBC2_Y21K,50f35b7c86aede891a72fcb85f06b0b7
APT1_WEBC2_CSON,50f35b7c86aede891a72fcb85f06b0b7
thequickbrow_APT1,51326bf40da5a5357a143dd9a6e6a11c
GLOOXMAIL_APT1,3de1bd0f2107198931177b2b23877df4
GOGGLES_APT1,3de1bd0f2107198931177b2b23877df4
APT1_WEBC2_ADSPACE,523cf1c9741f5f9d11388a58de6a83a4
APT1_WARP,5100f0a34695c4c9dc7e915177041cad
EclipseSunCloudRAT,4a54d7878d4170c3d4e3c3606365c42c
APT1_TARSIP_ECLIPSE,4a54d7878d4170c3d4e3c3606365c42c
thequickbrow_APT1,523f56515221161579ee6090c962e5b1
ccrewDownloader1,54d5d171a482278cc8eacf08d9175fd7
APT1_dbg_mess,55886d571c2a57984ea9659b57e1c63a
APT1_WEBC2_GREENCAT,55fb1409170c91740359d1d96364f17b
CCREWBACK1,53b263dd41838aa178a5ced338a207f3
EclipseSunCloudRAT,4f763b07a7b8a80f1f9408e590f79532
APT1_TARSIP_ECLIPSE,4f763b07a7b8a80f1f9408e590f79532
APT1_WEBC2_Y21K,575836ebb1b8849f04e994e9160370e4
APT1_WEBC2_CSON,575836ebb1b8849f04e994e9160370e4
thequickbrow_APT1,57f98d16ac439a11012860f88db21831
CCREWBACK1,543e03cc5872e9ed870b2d64363f518b
TrojanCookies_CCREW,543e03cc5872e9ed870b2d64363f518b
CCREWBACK1,57326cd78a56d26e349bbd4bcc5b9fa2
TrojanCookies_CCREW,57326cd78a56d26e349bbd4bcc5b9fa2
ccrewSSLBack3,5d8129be965fab8115eca34fc84bd7f0
CCREWBACK1,5bd5a22d42c04db7ac1343a2a9f471fe
TrojanCookies_CCREW,5bd5a22d42c04db7ac1343a2a9f471fe
CCREWBACK1,5ff3269faca4a67d1a4c537154aaad4b
STARSYPOUND_APT1,65018cd542145a3792ba09985734c12a
STARSYPOUND_APT1,650a6fca433ee243391e4b4c11f09438
APT1_WEBC2_HEAD,649d54bc9eef5a60a4b9d8b889fee139
STARSYPOUND_APT1,6576c196385407b0f7f4b1b537d88983
APT1_WEBC2_Y21K,6bf8f1f99ac5bba0db1b66518df378a4
MoonProject,6808ec6dbb23f0fa7637c108f44c5c80
APT1_TARSIP_MOON,6808ec6dbb23f0fa7637c108f44c5c80
BOUNCER_APT1,6ebd05a02459d3b22a9d4a79b8626bf1
STARSYPOUND_APT1,6faa4740f99408d4d2dddd0b09bbdefd
APT1_WEBC2_Y21K,73d125f84503bd87f8142cf2ba8ab05e
APT1_WEBC2_CSON,73d125f84503bd87f8142cf2ba8ab05e
BISCUIT_GREENCAT_APT1,5a728cb9ce56763dccb32b5298d0f050
APT1_Revird_svc,5a728cb9ce56763dccb32b5298d0f050
STARSYPOUND_APT1,785003a405bc7a4ebcbb21ddb757bf3f
APT1_WEBC2_YAHOO,5c6f30cc369cd164d44941d381e282cc
APT1_WEBC2_YAHOO,7a670d13d4d014169c4080328b8feb86
APT1_letusgo,7a670d13d4d014169c4080328b8feb86
MINIASP_APT1,77fbfed235d6062212a3e43211a5706e
EclipseSunCloudRAT,77fbfed235d6062212a3e43211a5706e
ccrewMiniasp,77fbfed235d6062212a3e43211a5706e
MiniASP,77fbfed235d6062212a3e43211a5706e
APT1_WEBC2_HEAD,7b42b35832855ab4ff37ae9b8fa9e571
APT1_WARP,7acb0d1df51706536f33bbdb990041d3
HACKSFASE2_APT1,7712d05c8b499fc7a1f4a6a6b6dee825
ccrewSSLBack1,7712d05c8b499fc7a1f4a6a6b6dee825
APT1_WEBC2_Y21K,7d3140bd028f70f1fa865364b69c5999
APT1_WEBC2_CSON,7d3140bd028f70f1fa865364b69c5999
MINIASP_APT1,81b03cbcfc4b9d090cd8f5e5da816895
EclipseSunCloudRAT,81b03cbcfc4b9d090cd8f5e5da816895
ccrewMiniasp,81b03cbcfc4b9d090cd8f5e5da816895
MiniASP,81b03cbcfc4b9d090cd8f5e5da816895
APT1_WEBC2_QBP,7aecb34616245eb6b2906358151be55b
STARSYPOUND_APT1,8442ae37b91f279a9f06de4c60b286a3
APT1_WEBC2_UGX,8462a62f13f92c34e4b89a7d13a185ad
APT1_WEBC2_QBP,7f1a4bc267ace340a5aa7a0b79cbf349
STARSYPOUND_APT1,8b75bcbff174c25a0161f30758509a44
APT1_WEBC2_HEAD,88c7c50cd4130561d57a1d3b82c5b953
TABMSGSQL_APT1,8a86df3d382bfd1e4c4165f4cacfdff8
APT1_letusgo,8a86df3d382bfd1e4c4165f4cacfdff8
APT1_dbg_mess,8a86df3d382bfd1e4c4165f4cacfdff8
thequickbrow_APT1,933b11bc4799f8d9f65466fb2e3ea659
APT1_aspnetreport,933b11bc4799f8d9f65466fb2e3ea659
EclipseSunCloudRAT,8934aeed5d213fe29e858eee616a6ec7
APT1_TARSIP_ECLIPSE,8934aeed5d213fe29e858eee616a6ec7
CCREWBACK1,9675827a495f4ba6a4efd4dd70932b7c
APT1_WEBC2_HEAD,973f4a238d6d19bdc7b42977b07b9cef
MoonProject,95f25d3afc5370f5d9fd8e65c17d3599
APT1_TARSIP_MOON,95f25d3afc5370f5d9fd8e65c17d3599
APT1_WEBC2_QBP,929802a27737cebc59d19da724fdf30a
STARSYPOUND_APT1,99a39866a657a10949fcb6d634bb30d5
STARSYPOUND_APT1,9ea3c16194ce354c244c1b74c46cd92e
thequickbrow_APT1,9fc3ed6c9b8056fbf155f79569ca7cb1
HACKSFASE1_APT1,9e860622fee66074dfe81dcfcc40c4e2
HACKSFASE2_APT1,9e860622fee66074dfe81dcfcc40c4e2
ccrewSSLBack2,9e860622fee66074dfe81dcfcc40c4e2
ccrewSSLBack1,9e860622fee66074dfe81dcfcc40c4e2
CCREWBACK1,989b797c2a63fbfc8e1c6e8a8ccd6204
TrojanCookies_CCREW,989b797c2a63fbfc8e1c6e8a8ccd6204
STARSYPOUND_APT1,a316d5aeca269ca865077e7fff356e7d
thequickbrow_APT1,a2cd1189860b9ba214421aab86ecbc8a
APT1_WEBC2_Y21K,a38a367d6696ba90b2e778a5a4bf98fd
APT1_WEBC2_CSON,a38a367d6696ba90b2e778a5a4bf98fd
thequickbrow_APT1,a5b581c0600815b1112ca2fed578928b
thequickbrow_APT1,a639f598d4c0b9aa7a4691d05f27d977
APT1_aspnetreport,a639f598d4c0b9aa7a4691d05f27d977
APT1_WEBC2_Y21K,a8b2ac446c614fd5d4880d95369deb3b
APT1_WEBC2_YAHOO,a8f259bb36e00d124963cfa9b86f502e
APT1_WEBC2_ADSPACE,ab00b38179851c8aa3f9bc80ed7baa23
APT1_WEBC2_YAHOO,aa4f1ecc4d25b33395196b5d51a06790
APT1_letusgo,aa4f1ecc4d25b33395196b5d51a06790
thequickbrow_APT1,af2f7b070245c90bd2a0a0845314173a
APT1_aspnetreport,af2f7b070245c90bd2a0a0845314173a
STARSYPOUND_APT1,b07322743778b5868475dbe66eedac4f
APT1_WEBC2_GREENCAT,b5e9ce72771217680efaeecfafe3da3f
thequickbrow_APT1,b3848edbabfbce246a9faf5466e743bf
APT1_WEBC2_HEAD,b74022a7b9b63fdc541ae0848b28a962
thequickbrow_APT1,b8277cce81e0a372bc35d33a0c9483c2
APT1_aspnetreport,b8277cce81e0a372bc35d33a0c9483c2
MoonProject,a5d4ebc0285f0213e0c29d23bc410889
APT1_TARSIP_MOON,a5d4ebc0285f0213e0c29d23bc410889
APT1_WEBC2_GREENCAT,ba0c4d3dbf07d407211b5828405a9b91
thequickbrow_APT1,bac2e89bd92ce23e1e93a63d26dea01a
thequickbrow_APT1,baabd9b76bff84ed27fd432cfc6df241
APT1_aspnetreport,baabd9b76bff84ed27fd432cfc6df241
thequickbrow_APT1,bcb087f69792b69494a3edad51a842bb
HACKSFASE1_APT1,bcbdef1678049378be04719ed29078d2
HACKSFASE2_APT1,bcbdef1678049378be04719ed29078d2
ccrewSSLBack2,bcbdef1678049378be04719ed29078d2
ccrewSSLBack1,bcbdef1678049378be04719ed29078d2
thequickbrow_APT1,bf80dbf969b73790253f683cd723fd71
APT1_WARP,bc723e4f93a3bf85f4d1e1910393d1a3
STARSYPOUND_APT1,c0a33a1b472a8c16123fd696a5ce5ebb
APT1_WARP,c0134285a276ab933e2a2b9b33b103cd
MACROMAIL_APT1,c110f08399c5dca64d7dc4539eb82083
APT1_WEBC2_HEAD,c4c638750526e28f68d6d71fd1266bdf
APT1_WEBC2_HEAD,c9172b3e83c782bc930c06b628f31fa5
STARSYPOUND_APT1,ca6fe7a1315af5afeac2961460a80569
APT1_WEBC2_YAHOO,cc3a9a7b026bfe0e55ff219fd6aa7d94
APT1_letusgo,cc3a9a7b026bfe0e55ff219fd6aa7d94
MoonProject,c91eacab7655870764d13ba741aa9a73
APT1_TARSIP_MOON,c91eacab7655870764d13ba741aa9a73
EclipseSunCloudRAT,ca327bc83fbe38b3689cd1a5505dfc33
APT1_TARSIP_ECLIPSE,ca327bc83fbe38b3689cd1a5505dfc33
APT1_WEBC2_QBP,c04c796ef126ad7429be7d55720fe392
APT1_WEBC2_YAHOO,d16947b200afa74a917f055597b772c0
APT1_letusgo,d16947b200afa74a917f055597b772c0
APT1_WEBC2_Y21K,d22863c5e6f098a4b52688b021beef0a
APT1_WEBC2_CSON,d22863c5e6f098a4b52688b021beef0a
thequickbrow_APT1,d271ae0f4e9230af3b61eafe7f671fde
thequickbrow_APT1,d4c7f1f80883412f9796f1270accff50
APT1_WEBC2_Y21K,d62cd4ad2a919b6acfa6d49d446dffdb
APT1_WARP,d7796209412da17b2ee2ccf2309b4abf
APT1_WEBC2_TABLE,d7aa32b7465f55c368230bb52d52d885
APT1_WEBC2_QBP,cf9c2d5a8fbdd1c5adc20cfc5e663c21
BISCUIT_GREENCAT_APT1,c6a4bb1a4e4f69ec71855d70d6960859
APT1_Revird_svc,c6a4bb1a4e4f69ec71855d70d6960859
STARSYPOUND_APT1,d9fbf759f527af373e34673dc3aca462
CCREWBACK1,d8238e950608e5aba3d3e9e83e9ee2cc
APT1_WEBC2_QBP,d0d5a20c5a6c4fddab4d43b85632b6a9
thequickbrow_APT1,db50416d9e67f4982e89e0ffb0ade6f3
BISCUIT_GREENCAT_APT1,da383cc098a5ea8fbb87643611e4bfb6
APT1_Revird_svc,da383cc098a5ea8fbb87643611e4bfb6
APT1_WARP,ddf3db31f9fa21cd43ff19dde393aba8
CCREWBACK1,db2580f5675f04716481b24bb7af468e
TrojanCookies_CCREW,db2580f5675f04716481b24bb7af468e
APT1_known_malicious_RARSilent,c99fa835350aa9e2427ce69323b061a9
APT1_WEBC2_QBP,d34e357461c55d90c52309c1ff952b4c
APT1_WEBC2_GREENCAT,e54ce5f0112c9fdfe86db17e85a5e2c5
APT1_WEBC2_GREENCAT,e83f60fb0e0396ea309faf0aed64e53f
APT1_WEBC2_QBP,dd21d1ea2146861a4219b1cbdaefe59b
APT1_WEBC2_QBP,e689b1fb0610b752f42adafc403fa49f
STARSYPOUND_APT1,ec8aa67b05407c01094184c33d2b5a44
APT1_WEBC2_HEAD,ec8c89aa5e521572c74e2dd02a4daf78
thequickbrow_APT1,ef6c375e3e6930e2b50e1e97fe6fbcc9
APT1_WEBC2_Y21K,f1e5d9bf7705b4dc5be0b8a90b73a863
APT1_WEBC2_CSON,f1e5d9bf7705b4dc5be0b8a90b73a863
STARSYPOUND_APT1,f6655e39465c2ff5b016980d918ea028
APT1_WEBC2_KT3,ec3a2197ca6b63ee1454d99a6ae145ab
APT1_WEBC2_HEAD,f627990bbe2ec5c48c180f724490c332
CCREWBACK1,f3611c5c793f521f7ff2a69c22d4174e
TrojanCookies_CCREW,f3611c5c793f521f7ff2a69c22d4174e
STARSYPOUND_APT1,f8437e44748d2c3fcf84019766f4e6dc
APT1_WEBC2_Y21K,f802b6e448c054c9c16b97ff85646825
APT1_WEBC2_CSON,f802b6e448c054c9c16b97ff85646825
HACKSFASE2_APT1,f7c63592ffb87b81ce45c89d207e9403
ccrewSSLBack1,f7c63592ffb87b81ce45c89d207e9403
APT1_WEBC2_QBP,fcdaa67e33357f64bc4ce7b57491fc53
